Events,,,,,,,,,,,,,,Players
00mins 1st half Round Towers Minor Footballers turnover won ,,,,,,,,,,,,,,Harry Warfield
01mins 1st half Whitehall Colmcilles point ,,,,,,,,,,,,,,Craig Reilly
01mins 1st half Round Towers Minor Footballers own puck/kick out won ,,,,,,,,,,,,,,Ryan Hickey
02mins 1st half Whitehall Colmcilles turnover won ,,,,,,,,,,,,,,Pierce McDonald
02mins 1st half Round Towers Minor Footballers turnover won ,,,,,,,,,,,,,,Dean Farrell
02mins 1st half Whitehall Colmcilles turnover won ,,,,,,,,,,,,,,Daragh McCabe
02mins 1st half Whitehall Colmcilles saved ,,,,,,,,,,,,,,Cathal Downey
02mins 1st half Round Towers Minor Footballers turnover won ,,,,,,,,,,,,,,Harry Leech
03mins 1st half Whitehall Colmcilles free/pen conceded ,,,,,,,,,,,,,,Luke Swayne
03mins 1st half Whitehall Colmcilles free/pen conceded ,,,,,,,,,,,,,,Liam Redmond
03mins 1st half Whitehall Colmcilles free/pen conceded ,,,,,,,,,,,,,,Mark Maguire
03mins 1st half Round Towers Minor Footballers free/pen conceded ,,,,,,,,,,,,,,Craig Doherty
03mins 1st half Round Towers Minor Footballers free/pen conceded ,,,,,,,,,,,,,,Ben Casey
03mins 1st half Whitehall Colmcilles turnover won ,,,,,,,,,,,,,,Craig Moore
04mins 1st half Round Towers Minor Footballers free/pen conceded  Dean Farrell,,,,,,,,,,,,,,Ciar?n Kirk
04mins 1st half Whitehall Colmcilles saved from play   Posn: 27:27,,,,,,,,,,,,,,Ben Rose
04mins 1st half Round Towers Minor Footballers turnover won ,,,,,,,,,,,,,,Rory Broderick
04mins 1st half Whitehall Colmcilles turnover won ,,,,,,,,,,,,,,Setanta Higgins
04mins 1st half Whitehall Colmcilles wide    Posn: 90:20,,,,,,,,,,,,,,Robert Moore
05mins 1st half Round Towers Minor Footballers own puck/kick out lost    Posn: 16:31,,,,,,,,,,,,,,Dylan Delaney
05mins 1st half Whitehall Colmcilles wide    Posn: 51:26,,,,,,,,,,,,,,James Lindopp
05mins 1st half Round Towers Minor Footballers own puck/kick out won  Pierce McDonald  Posn: 93:13,,,,,,,,,,,,,,Eoghan Kelly
05mins 1st half Whitehall Colmcilles turnover won ,,,,,,,,,,,,,,Aaron Leahy
05mins 1st half Round Towers Minor Footballers free/pen conceded ,,,,,,,,,,,,,,Harry Kelly
06mins 1st half Whitehall Colmcilles point from free 11  Posn: 83:12,,,,,,,,,,,,,,
06mins 1st half Round Towers Minor Footballers own puck/kick out won  Harry Leech  Posn: 17:24,,,,,,,,,,,,,,
06mins 1st half Whitehall Colmcilles free/pen conceded ,,,,,,,,,,,,,,
07mins 1st half Whitehall Colmcilles turnover won  10,,,,,,,,,,,,,,
07mins 1st half Round Towers Minor Footballers turnover won  Harry Warfield,,,,,,,,,,,,,,
07mins 1st half Whitehall Colmcilles turnover won ,,,,,,,,,,,,,,
08mins 1st half Whitehall Colmcilles point  15  Posn: 64:17,,,,,,,,,,,,,,
08mins 1st half Round Towers Minor Footballers own puck/kick out won  Liam Redmond  Posn: 79:18,,,,,,,,,,,,,,
08mins 1st half Whitehall Colmcilles free/pen conceded ,,,,,,,,,,,,,,
09mins 1st half Whitehall Colmcilles free/pen conceded ,,,,,,,,,,,,,,
09mins 1st half Round Towers Minor Footballers short from free Harry Leech  Posn: 94:82,,,,,,,,,,,,,,
09mins 1st half Whitehall Colmcilles turnover won ,,,,,,,,,,,,,,
09mins 1st half Round Towers Minor Footballers turnover won  Dean Farrell,,,,,,,,,,,,,,
09mins 1st half Whitehall Colmcilles free/pen conceded ,,,,,,,,,,,,,,
10mins 1st half Whitehall Colmcilles turnover won  5,,,,,,,,,,,,,,
10mins 1st half Whitehall Colmcilles saved from play   Posn: 38:6,,,,,,,,,,,,,,
10mins 1st half Whitehall Colmcilles wide    Posn: 87:11,,,,,,,,,,,,,,
11mins 1st half Round Towers Minor Footballers own puck/kick out lost  Harry Leech  Posn: 3:12,,,,,,,,,,,,,,
11mins 1st half Round Towers Minor Footballers turnover won ,,,,,,,,,,,,,,
11mins 1st half Whitehall Colmcilles turnover won  8,,,,,,,,,,,,,,
11mins 1st half Whitehall Colmcilles wide from play   Posn: 65:7,,,,,,,,,,,,,,
12mins 1st half Round Towers Minor Footballers own puck/kick out lost    Posn: 2:10,,,,,,,,,,,,,,
12mins 1st half Round Towers Minor Footballers free/pen conceded    Posn: 17:8,,,,,,,,,,,,,,
12mins 1st half Whitehall Colmcilles point from free 11  Posn: 14:10,,,,,,,,,,,,,,
13mins 1st half Round Towers Minor Footballers own puck/kick out lost  Dean Farrell  Posn: 92:22,,,,,,,,,,,,,,
13mins 1st half Round Towers Minor Footballers free/pen conceded  Dean Farrell,,,,,,,,,,,,,,
13mins 1st half Round Towers Minor Footballers turnover won ,,,,,,,,,,,,,,
13mins 1st half Whitehall Colmcilles turnover won ,,,,,,,,,,,,,,
13mins 1st half Round Towers Minor Footballers turnover won  Pierce McDonald,,,,,,,,,,,,,,
13mins 1st half Whitehall Colmcilles free/pen conceded ,,,,,,,,,,,,,,
14mins 1st half Round Towers Minor Footballers own puck/kick out won  Liam Redmond  Posn: 48:15,,,,,,,,,,,,,,
14mins 1st half Round Towers Minor Footballers wide from play Craig Moore  Posn: 75:85,,,,,,,,,,,,,,
14mins 1st half Whitehall Colmcilles free/pen conceded ,,,,,,,,,,,,,,
14mins 1st half Round Towers Minor Footballers point from free Harry Leech  Posn: 19:15,,,,,,,,,,,,,,
15mins 1st half Whitehall Colmcilles own puck/kick out lost    Posn: 2:57,,,,,,,,,,,,,,
15mins 1st half Whitehall Colmcilles turnover won ,,,,,,,,,,,,,,
16mins 1st half Round Towers Minor Footballers  yellow card Craig Reilly,,,,,,,,,,,,,,
16mins 1st half Whitehall Colmcilles goal    Posn: 46:8,,,,,,,,,,,,,,
16mins 1st half Round Towers Minor Footballers own puck/kick out won  Craig Moore  Posn: 86:15,,,,,,,,,,,,,,
16mins 1st half Whitehall Colmcilles free/pen conceded    Posn: 93:47,,,,,,,,,,,,,,
17mins 1st half Whitehall Colmcilles turnover won ,,,,,,,,,,,,,,
17mins 1st half Round Towers Minor Footballers free/pen conceded    Posn: 10:71,,,,,,,,,,,,,,
17mins 1st half Whitehall Colmcilles goal    Posn: 40:7,,,,,,,,,,,,,,
18mins 1st half Round Towers Minor Footballers own puck/kick out lost    Posn: 94:28,,,,,,,,,,,,,,
18mins 1st half Whitehall Colmcilles short    Posn: 41:18,,,,,,,,,,,,,,
18mins 1st half Whitehall Colmcilles free/pen conceded    Posn: 45:10,,,,,,,,,,,,,,
18mins 1st half Whitehall Colmcilles turnover won  8,,,,,,,,,,,,,,
18mins 1st half Whitehall Colmcilles wide from play   Posn: 39:18,,,,,,,,,,,,,,
19mins 1st half Round Towers Minor Footballers own puck/kick out won  Liam Redmond  Posn: 90:25,,,,,,,,,,,,,,
19mins 1st half Round Towers Minor Footballers point from play Ben Casey  Posn: 35:15,,,,,,,,,,,,,,
20mins 1st half Whitehall Colmcilles own puck/kick out won  12  Posn: 58:52,,,,,,,,,,,,,,
20mins 1st half Round Towers Minor Footballers turnover won  Dean Farrell,,,,,,,,,,,,,,
20mins 1st half Whitehall Colmcilles free/pen conceded    Posn: 40:57,,,,,,,,,,,,,,
20mins 1st half Round Towers Minor Footballers saved from play Liam Redmond  Posn: 35:69,,,,,,,,,,,,,,
20mins 1st half Whitehall Colmcilles turnover won ,,,,,,,,,,,,,,
20mins 1st half Round Towers Minor Footballers turnover won ,,,,,,,,,,,,,,
21mins 1st half Round Towers Minor Footballers point  Harry Leech  Posn: 68:73,,,,,,,,,,,,,,
22mins 1st half Whitehall Colmcilles own puck/kick out lost    Posn: 95:75,,,,,,,,,,,,,,
22mins 1st half Whitehall Colmcilles free/pen conceded ,,,,,,,,,,,,,,
22mins 1st half Round Towers Minor Footballers short from free Harry Leech  Posn: 18:17,,,,,,,,,,,,,,
22mins 1st half Whitehall Colmcilles turnover won ,,,,,,,,,,,,,,
23mins 1st half Round Towers Minor Footballers turnover won ,,,,,,,,,,,,,,
23mins 1st half Whitehall Colmcilles turnover won  4,,,,,,,,,,,,,,
23mins 1st half Whitehall Colmcilles goal  14  Posn: 43:5,,,,,,,,,,,,,,
24mins 1st half Round Towers Minor Footballers own puck/kick out won  Cathal Downey  Posn: 84:20,,,,,,,,,,,,,,
24mins 1st half Whitehall Colmcilles turnover won  8,,,,,,,,,,,,,,
25mins 1st half Round Towers Minor Footballers turnover won ,,,,,,,,,,,,,,
25mins 1st half Whitehall Colmcilles turnover won    Posn: 25:1,,,,,,,,,,,,,,
25mins 1st half Round Towers Minor Footballers free/pen conceded  Mark Maguire  Posn: 27:1,,,,,,,,,,,,,,
26mins 1st half Whitehall Colmcilles wide from play   Posn: 28:21,,,,,,,,,,,,,,
26mins 1st half Round Towers Minor Footballers own puck/kick out lost    Posn: 2:22,,,,,,,,,,,,,,
27mins 1st half Round Towers Minor Footballers turnover won ,,,,,,,,,,,,,,
27mins 1st half Whitehall Colmcilles free/pen conceded ,,,,,,,,,,,,,,
29mins 1st half Round Towers Minor Footballers wide from play Craig Moore  Posn: 33:72,,,,,,,,,,,,,,
29mins 1st half Whitehall Colmcilles own puck/kick out lost    Posn: 7:59,,,,,,,,,,,,,,
29mins 1st half Whitehall Colmcilles free/pen conceded    Posn: 6:71,,,,,,,,,,,,,,
30mins 1st half Round Towers Minor Footballers short from free Ciar?n Kirk  Posn: 9:66,,,,,,,,,,,,,,
30mins 1st half Whitehall Colmcilles turnover won ,,,,,,,,,,,,,,
30mins 1st half Round Towers Minor Footballers free/pen conceded ,,,,,,,,,,,,,,
30mins 1st half Whitehall Colmcilles point from play   Posn: 56:17,,,,,,,,,,,,,,
31mins 1st half Round Towers Minor Footballers own puck/kick out lost  Liam Redmond  Posn: 88:23,,,,,,,,,,,,,,
31mins 1st half Round Towers Minor Footballers free/pen conceded  Liam Redmond  Posn: 94:22,,,,,,,,,,,,,,
Half time score: Round Towers Minor Footballers 0-3(3)  Whitehall Colmcilles 3-5(14),,,,,,,,,,,,,,
Round Towers Minor Footballers  yellow card,,,,,,,,,,,,,,
2nd half start: 11:40   05-09-21 Round Towers Minor Footballers v. Whitehall Colmcilles,,,,,,,,,,,,,,
00mins 2nd half Round Towers Minor Footballers turnover won  Harry Leech,,,,,,,,,,,,,,
00mins 2nd half Whitehall Colmcilles free/pen conceded    Posn: 32:76,,,,,,,,,,,,,,
00mins 2nd half Round Towers Minor Footballers wide from free Harry Leech  Posn: 30:79,,,,,,,,,,,,,,
01mins 2nd half Whitehall Colmcilles own puck/kick out lost    Posn: 89:69,,,,,,,,,,,,,,
01mins 2nd half Whitehall Colmcilles free/pen conceded    Posn: 91:69,,,,,,,,,,,,,,
01mins 2nd half Whitehall Colmcilles turnover won  6  Posn: 52:88,,,,,,,,,,,,,,
02mins 2nd half Whitehall Colmcilles wide from play   Posn: 76:18,,,,,,,,,,,,,,
02mins 2nd half Round Towers Minor Footballers own puck/kick out won    Posn: 13:15,,,,,,,,,,,,,,
02mins 2nd half Whitehall Colmcilles turnover won    Posn: 88:68,,,,,,,,,,,,,,
03mins 2nd half Whitehall Colmcilles wide from play 15  Posn: 64:7,,,,,,,,,,,,,,
03mins 2nd half Round Towers Minor Footballers own puck/kick out won  Cathal Downey  Posn: 2:32,,,,,,,,,,,,,,
04mins 2nd half Whitehall Colmcilles free/pen conceded    Posn: 18:92,,,,,,,,,,,,,,
04mins 2nd half Round Towers Minor Footballers point from free Ciar?n Kirk  Posn: 25:89,,,,,,,,,,,,,,
05mins 2nd half Whitehall Colmcilles own puck/kick out won  11  Posn: 87:68,,,,,,,,,,,,,,
05mins 2nd half Round Towers Minor Footballers turnover won  Cathal Downey  Posn: 55:32,,,,,,,,,,,,,,
05mins 2nd half Whitehall Colmcilles turnover won  1,,,,,,,,,,,,,,
05mins 2nd half Round Towers Minor Footballers free/pen conceded  Pierce McDonald  Posn: 25:38,,,,,,,,,,,,,,
06mins 2nd half Whitehall Colmcilles short from play   Posn: 26:24,,,,,,,,,,,,,,
06mins 2nd half Round Towers Minor Footballers turnover won  Harry Warfield,,,,,,,,,,,,,,
06mins 2nd half Whitehall Colmcilles free/pen conceded    Posn: 28:63,,,,,,,,,,,,,,
07mins 2nd half Round Towers Minor Footballers point from play Mark Maguire  Posn: 62:16,,,,,,,,,,,,,,
07mins 2nd half Whitehall Colmcilles own puck/kick out won  9  Posn: 26:50,,,,,,,,,,,,,,
07mins 2nd half Round Towers Minor Footballers free/pen conceded    Posn: 83:18,,,,,,,,,,,,,,
07mins 2nd half Whitehall Colmcilles point    Posn: 59:7,,,,,,,,,,,,,,
08mins 2nd half Round Towers Minor Footballers own puck/kick out won  Craig Doherty  Posn: 18:40,,,,,,,,,,,,,,
08mins 2nd half Round Towers Minor Footballers free/pen conceded  Dean Farrell  Posn: 38:58,,,,,,,,,,,,,,
08mins 2nd half Round Towers Minor Footballers turnover won    Posn: 63:34,,,,,,,,,,,,,,
08mins 2nd half Whitehall Colmcilles turnover won ,,,,,,,,,,,,,,
09mins 2nd half Round Towers Minor Footballers free/pen conceded    Posn: 73:8,,,,,,,,,,,,,,
09mins 2nd half Whitehall Colmcilles wide from free   Posn: 72:13,,,,,,,,,,,,,,
09mins 2nd half Round Towers Minor Footballers own puck/kick out won  Ryan Hickey  Posn: 91:10,,,,,,,,,,,,,,
10mins 2nd half Whitehall Colmcilles turnover won    Posn: 92:28,,,,,,,,,,,,,,
10mins 2nd half Whitehall Colmcilles point    Posn: 66:8,,,,,,,,,,,,,,
10mins 2nd half Round Towers Minor Footballers own puck/kick out lost  Craig Doherty  Posn: 8:45,,,,,,,,,,,,,,
11mins 2nd half Whitehall Colmcilles turnover won    Posn: 24:57,,,,,,,,,,,,,,
11mins 2nd half Round Towers Minor Footballers free/pen conceded    Posn: 31:58,,,,,,,,,,,,,,
11mins 2nd half Whitehall Colmcilles goal    Posn: 55:7,,,,,,,,,,,,,,
12mins 2nd half Round Towers Minor Footballers own puck/kick out won    Posn: 33:44,,,,,,,,,,,,,,
12mins 2nd half Whitehall Colmcilles free/pen conceded    Posn: 32:44,,,,,,,,,,,,,,
12mins 2nd half Whitehall Colmcilles turnover won ,,,,,,,,,,,,,,
12mins 2nd half Whitehall Colmcilles wide from play   Posn: 73:23,,,,,,,,,,,,,,
13mins 2nd half Round Towers Minor Footballers own puck/kick out won  Liam Redmond  Posn: 26:42,,,,,,,,,,,,,,
13mins 2nd half Whitehall Colmcilles turnover won  12  Posn: 48:57,,,,,,,,,,,,,,
13mins 2nd half Whitehall Colmcilles free/pen conceded    Posn: 66:27,,,,,,,,,,,,,,
13mins 2nd half Round Towers Minor Footballers turnover won  Ryan Hickey,,,,,,,,,,,,,,
13mins 2nd half Whitehall Colmcilles free/pen conceded    Posn: 55:48,,,,,,,,,,,,,,
14mins 2nd half Whitehall Colmcilles free/pen conceded    Posn: 66:8,,,,,,,,,,,,,,
14mins 2nd half Round Towers Minor Footballers off posts from free Ciar?n Kirk  Posn: 70:13,,,,,,,,,,,,,,
14mins 2nd half Whitehall Colmcilles turnover won ,,,,,,,,,,,,,,
14mins 2nd half Round Towers Minor Footballers turnover won  Harry Warfield  Posn: 49:6,,,,,,,,,,,,,,
15mins 2nd half Whitehall Colmcilles turnover won  1  Posn: 33:95,,,,,,,,,,,,,,
15mins 2nd half Whitehall Colmcilles wide from play   Posn: 64:24,,,,,,,,,,,,,,
15mins 2nd half Round Towers Minor Footballers own puck/kick out won    Posn: 8:22,,,,,,,,,,,,,,
15mins 2nd half Whitehall Colmcilles free/pen conceded    Posn: 70:73,,,,,,,,,,,,,,
15mins 2nd half Round Towers Minor Footballers short from free Harry Leech  Posn: 66:78,,,,,,,,,,,,,,
15mins 2nd half Whitehall Colmcilles turnover won  1,,,,,,,,,,,,,,
15mins 2nd half Round Towers Minor Footballers short from play   Posn: 74:74,,,,,,,,,,,,,,
15mins 2nd half Round Towers Minor Footballers turnover won ,,,,,,,,,,,,,,
15mins 2nd half Whitehall Colmcilles turnover won    Posn: 16:93,,,,,,,,,,,,,,
15mins 2nd half Round Towers Minor Footballers free/pen conceded  Pierce McDonald  Posn: 25:15,,,,,,,,,,,,,,
15mins 2nd half Whitehall Colmcilles point from free 11  Posn: 23:14,,,,,,,,,,,,,,
15mins 2nd half Round Towers Minor Footballers own puck/kick out lost    Posn: 68:26,,,,,,,,,,,,,,
15mins 2nd half Whitehall Colmcilles point  15  Posn: 64:15,,,,,,,,,,,,,,
15mins 2nd half Round Towers Minor Footballers own puck/kick out won  Craig Doherty  Posn: 20:46,,,,,,,,,,,,,,
15mins 2nd half Whitehall Colmcilles turnover won    Posn: 52:67,,,,,,,,,,,,,,
15mins 2nd half Round Towers Minor Footballers free/pen conceded  Cathal Downey  Posn: 10:16,,,,,,,,,,,,,,
15mins 2nd half Whitehall Colmcilles saved  11  Posn: 61:21,,,,,,,,,,,,,,
15mins 2nd half Whitehall Colmcilles point from play   Posn: 80:19,,,,,,,,,,,,,,
15mins 2nd half Round Towers Minor Footballers own puck/kick out won  Craig Moore  Posn: 8:25,,,,,,,,,,,,,,
15mins 2nd half Whitehall Colmcilles free/pen conceded    Posn: 67:89,,,,,,,,,,,,,,
15mins 2nd half Round Towers Minor Footballers saved from penalty Harry Leech  Posn: 49:90,,,,,,,,,,,,,,
16mins 2nd half Round Towers Minor Footballers goal from play Harry Leech  Posn: 50:93,,,,,,,,,,,,,,
16mins 2nd half Whitehall Colmcilles own puck/kick out lost    Posn: 75:70,,,,,,,,,,,,,,
16mins 2nd half Round Towers Minor Footballers free/pen conceded    Posn: 70:69,,,,,,,,,,,,,,
16mins 2nd half Round Towers Minor Footballers turnover won ,,,,,,,,,,,,,,
16mins 2nd half Whitehall Colmcilles free/pen conceded    Posn: 51:20,,,,,,,,,,,,,,
17mins 2nd half Whitehall Colmcilles turnover won    Posn: 92:74,,,,,,,,,,,,,,
17mins 2nd half Round Towers Minor Footballers turnover won  Harry Warfield  Posn: 43:4,,,,,,,,,,,,,,
17mins 2nd half Round Towers Minor Footballers free/pen conceded  Ryan Hickey  Posn: 49:18,,,,,,,,,,,,,,
18mins 2nd half Whitehall Colmcilles off posts  15  Posn: 39:12,,,,,,,,,,,,,,
18mins 2nd half Round Towers Minor Footballers turnover won ,,,,,,,,,,,,,,
18mins 2nd half Whitehall Colmcilles free/pen conceded    Posn: 61:20,,,,,,,,,,,,,,
18mins 2nd half Whitehall Colmcilles turnover won ,,,,,,,,,,,,,,
18mins 2nd half Whitehall Colmcilles wide from play   Posn: 29:14,,,,,,,,,,,,,,
18mins 2nd half Round Towers Minor Footballers own puck/kick out won  Harry Leech  Posn: 19:35,,,,,,,,,,,,,,
19mins 2nd half Round Towers Minor Footballers goal  Luke Swayne  Posn: 55:96,,,,,,,,,,,,,,
19mins 2nd half Whitehall Colmcilles own puck/kick out lost    Posn: 24:67,,,,,,,,,,,,,,
20mins 2nd half Round Towers Minor Footballers short from free Harry Leech  Posn: 47:74,,,,,,,,,,,,,,
20mins 2nd half Whitehall Colmcilles turnover won    Posn: 65:81,,,,,,,,,,,,,,
20mins 2nd half Whitehall Colmcilles off posts    Posn: 66:10,,,,,,,,,,,,,,
20mins 2nd half Round Towers Minor Footballers turnover won ,,,,,,,,,,,,,,
20mins 2nd half Whitehall Colmcilles turnover won ,,,,,,,,,,,,,,
20mins 2nd half Whitehall Colmcilles short    Posn: 54:20,,,,,,,,,,,,,,
21mins 2nd half Round Towers Minor Footballers turnover won  Harry Warfield,,,,,,,,,,,,,,
21mins 2nd half Whitehall Colmcilles turnover won    Posn: 26:20,,,,,,,,,,,,,,
21mins 2nd half Round Towers Minor Footballers turnover won    Posn: 58:5,,,,,,,,,,,,,,
21mins 2nd half Whitehall Colmcilles free/pen conceded    Posn: 85:57,,,,,,,,,,,,,,
23mins 2nd half Whitehall Colmcilles turnover won    Posn: 88:71,,,,,,,,,,,,,,
23mins 2nd half Round Towers Minor Footballers turnover won ,,,,,,,,,,,,,,
23mins 2nd half Whitehall Colmcilles free/pen conceded    Posn: 91:71,,,,,,,,,,,,,,
24mins 2nd half Whitehall Colmcilles turnover won    Posn: 44:95,,,,,,,,,,,,,,
24mins 2nd half Round Towers Minor Footballers turnover won  Ryan Hickey  Posn: 5:71,,,,,,,,,,,,,,
24mins 2nd half Round Towers Minor Footballers wide  Mark Maguire  Posn: 20:91,,,,,,,,,,,,,,
25mins 2nd half Whitehall Colmcilles own puck/kick out lost    Posn: 91:70,,,,,,,,,,,,,,
25mins 2nd half Round Towers Minor Footballers wide from play Craig Doherty  Posn: 75:74,,,,,,,,,,,,,,
26mins 2nd half Whitehall Colmcilles own puck/kick out won    Posn: 78:87,,,,,,,,,,,,,,
1st half start: 11:01   03-10-21 Round Towers Minor Footballers v. Kilmacud Crokes,,,,,,,,,,,,,,
00mins 1st half Round Towers Minor Footballers turnover won  Liam Redmond,,,,,,,,,,,,,,
00mins 1st half Round Towers Minor Footballers turnover lost  Liam Redmond,,,,,,,,,,,,,,
01mins 1st half Kilmacud Crokes wide from play 15  Posn: 18:10,,,,,,,,,,,,,,
01mins 1st half Round Towers Minor Footballers own puck/kick out lost    Posn: 11:45,,,,,,,,,,,,,,
01mins 1st half Kilmacud Crokes point from play 8  Posn: 36:13,,,,,,,,,,,,,,
02mins 1st half Round Towers Minor Footballers own puck/kick out won  Ryan Hickey  Posn: 50:24,,,,,,,,,,,,,,
02mins 1st half Round Towers Minor Footballers saved  Robert Moore  Posn: 43:85,,,,,,,,,,,,,,
02mins 1st half Kilmacud Crokes free/pen conceded    Posn: 42:85,,,,,,,,,,,,,,
03mins 1st half Round Towers Minor Footballers point from free Craig Doherty  Posn: 37:84,,,,,,,,,,,,,,
03mins 1st half Kilmacud Crokes own puck/kick out lost    Posn: 11:80,,,,,,,,,,,,,,
03mins 1st half Kilmacud Crokes free/pen conceded    Posn: 11:80,,,,,,,,,,,,,,
03mins 1st half Kilmacud Crokes turnover won  2  Posn: 70:94,,,,,,,,,,,,,,
04mins 1st half Kilmacud Crokes short from play   Posn: 27:19,,,,,,,,,,,,,,
04mins 1st half Round Towers Minor Footballers turnover won  Mark Maguire,,,,,,,,,,,,,,
04mins 1st half Kilmacud Crokes turnover won ,,,,,,,,,,,,,,
05mins 1st half Kilmacud Crokes wide from play 15  Posn: 59:17,,,,,,,,,,,,,,
05mins 1st half Round Towers Minor Footballers free/pen conceded  Ryan Hickey  Posn: 62:17,,,,,,,,,,,,,,
06mins 1st half Kilmacud Crokes point from free 15  Posn: 59:17,,,,,,,,,,,,,,
06mins 1st half Round Towers Minor Footballers own puck/kick out won  Liam Redmond  Posn: 73:37,,,,,,,,,,,,,,
06mins 1st half Kilmacud Crokes turnover won ,,,,,,,,,,,,,,
06mins 1st half Round Towers Minor Footballers free/pen conceded  Robert Moore  Posn: 92:73,,,,,,,,,,,,,,
07mins 1st half Kilmacud Crokes goal from play 14  Posn: 61:12,,,,,,,,,,,,,,
07mins 1st half Round Towers Minor Footballers own puck/kick out lost  Daragh McCabe  Posn: 82:34,,,,,,,,,,,,,,
07mins 1st half Kilmacud Crokes saved from play 5  Posn: 63:6,,,,,,,,,,,,,,
07mins 1st half Round Towers Minor Footballers turnover won  Aaron Leahy,,,,,,,,,,,,,,
07mins 1st half Kilmacud Crokes turnover won  7,,,,,,,,,,,,,,
08mins 1st half Round Towers Minor Footballers turnover won  Luke Swayne,,,,,,,,,,,,,,
08mins 1st half Round Towers Minor Footballers free/pen conceded  Mark Maguire  Posn: 8:28,,,,,,,,,,,,,,
08mins 1st half Round Towers Minor Footballers turnover won ,,,,,,,,,,,,,,
09mins 1st half Kilmacud Crokes turnover won ,,,,,,,,,,,,,,
09mins 1st half Round Towers Minor Footballers turnover won ,,,,,,,,,,,,,,
09mins 1st half Round Towers Minor Footballers saved  Robert Moore  Posn: 55:91,,,,,,,,,,,,,,
09mins 1st half Round Towers Minor Footballers saved  Robert Moore  Posn: 63:98,,,,,,,,,,,,,,
09mins 1st half Kilmacud Crokes turnover won ,,,,,,,,,,,,,,
10mins 1st half Kilmacud Crokes point from play 10  Posn: 29:17,,,,,,,,,,,,,,
10mins 1st half Round Towers Minor Footballers own puck/kick out lost    Posn: 82:57,,,,,,,,,,,,,,
10mins 1st half Round Towers Minor Footballers turnover won  Dylan Delaney,,,,,,,,,,,,,,
11mins 1st half Kilmacud Crokes free/pen conceded    Posn: 46:78,,,,,,,,,,,,,,
11mins 1st half Round Towers Minor Footballers point from free Craig Doherty  Posn: 47:83,,,,,,,,,,,,,,
12mins 1st half Kilmacud Crokes own puck/kick out lost    Posn: 90:80,,,,,,,,,,,,,,
12mins 1st half Kilmacud Crokes free/pen conceded    Posn: 85:90,,,,,,,,,,,,,,
12mins 1st half Round Towers Minor Footballers wide from free Craig Doherty  Posn: 84:83,,,,,,,,,,,,,,
13mins 1st half Kilmacud Crokes own puck/kick out lost    Posn: 78:84,,,,,,,,,,,,,,
13mins 1st half Round Towers Minor Footballers saved  Craig Reilly  Posn: 71:88,,,,,,,,,,,,,,
13mins 1st half Kilmacud Crokes turnover won  1,,,,,,,,,,,,,,
13mins 1st half Round Towers Minor Footballers turnover won  Cathal Downey,,,,,,,,,,,,,,
14mins 1st half Kilmacud Crokes free/pen conceded    Posn: 51:20,,,,,,,,,,,,,,
14mins 1st half Kilmacud Crokes turnover won ,,,,,,,,,,,,,,
14mins 1st half Kilmacud Crokes wide from play   Posn: 28:14,,,,,,,,,,,,,,
14mins 1st half Round Towers Minor Footballers own puck/kick out won  Liam Redmond  Posn: 85:38,,,,,,,,,,,,,,
15mins 1st half Round Towers Minor Footballers turnover lost  Rory Broderick,,,,,,,,,,,,,,
15mins 1st half Round Towers Minor Footballers free/pen conceded  Mark Maguire  Posn: 48:42,,,,,,,,,,,,,,
15mins 1st half Kilmacud Crokes point from play   Posn: 35:15,,,,,,,,,,,,,,
16mins 1st half Round Towers Minor Footballers own puck/kick out won  Liam Redmond  Posn: 49:49,,,,,,,,,,,,,,
16mins 1st half Kilmacud Crokes free/pen conceded    Posn: 77:1,,,,,,,,,,,,,,
17mins 1st half Round Towers Minor Footballers point from free Craig Doherty  Posn: 19:85,,,,,,,,,,,,,,
17mins 1st half Kilmacud Crokes own puck/kick out lost    Posn: 2:64,,,,,,,,,,,,,,
17mins 1st half Round Towers Minor Footballers turnover lost  Craig Reilly,,,,,,,,,,,,,,
18mins 1st half Round Towers Minor Footballers turnover won  Pierce McDonald,,,,,,,,,,,,,,
18mins 1st half Kilmacud Crokes turnover won ,,,,,,,,,,,,,,
18mins 1st half Round Towers Minor Footballers turnover won  Ryan Hickey,,,,,,,,,,,,,,
18mins 1st half Kilmacud Crokes free/pen conceded  2  Posn: 69:66,,,,,,,,,,,,,,
18mins 1st half Kilmacud Crokes free/pen conceded    Posn: 35:92,,,,,,,,,,,,,,
19mins 1st half Round Towers Minor Footballers point from free Craig Doherty  Posn: 33:84,,,,,,,,,,,,,,
19mins 1st half Kilmacud Crokes own puck/kick out won  7  Posn: 23:52,,,,,,,,,,,,,,
20mins 1st half Kilmacud Crokes point from play 10  Posn: 34:16,,,,,,,,,,,,,,
20mins 1st half Round Towers Minor Footballers own puck/kick out won  Dylan Delaney  Posn: 48:24,,,,,,,,,,,,,,
20mins 1st half Kilmacud Crokes free/pen conceded    Posn: 95:67,,,,,,,,,,,,,,
21mins 1st half Round Towers Minor Footballers short from free Ben Casey  Posn: 92:76,,,,,,,,,,,,,,
21mins 1st half Round Towers Minor Footballers wide from play Liam Redmond  Posn: 12:83,,,,,,,,,,,,,,
22mins 1st half Kilmacud Crokes own puck/kick out won  7  Posn: 10:54,,,,,,,,,,,,,,
22mins 1st half Round Towers Minor Footballers turnover won ,,,,,,,,,,,,,,
22mins 1st half Kilmacud Crokes free/pen conceded    Posn: 84:67,,,,,,,,,,,,,,
22mins 1st half Round Towers Minor Footballers point from free Craig Doherty  Posn: 78:68,,,,,,,,,,,,,,
23mins 1st half Kilmacud Crokes own puck/kick out won  2  Posn: 90:68,,,,,,,,,,,,,,
23mins 1st half Round Towers Minor Footballers free/pen conceded  Craig Reilly  Posn: 93:68,,,,,,,,,,,,,,
24mins 1st half Round Towers Minor Footballers turnover lost  Rory Broderick,,,,,,,,,,,,,,
24mins 1st half Round Towers Minor Footballers free/pen conceded  Liam Redmond  Posn: 24:65,,,,,,,,,,,,,,
25mins 1st half Kilmacud Crokes short    Posn: 28:15,,,,,,,,,,,,,,
25mins 1st half Round Towers Minor Footballers turnover won  Aaron Leahy,,,,,,,,,,,,,,
25mins 1st half Kilmacud Crokes turnover won  5,,,,,,,,,,,,,,
26mins 1st half Kilmacud Crokes point from play 5  Posn: 66:13,,,,,,,,,,,,,,
26mins 1st half Round Towers Minor Footballers own puck/kick out won  Dylan Delaney  Posn: 17:16,,,,,,,,,,,,,,
26mins 1st half Kilmacud Crokes free/pen conceded    Posn: 13:25,,,,,,,,,,,,,,
26mins 1st half Kilmacud Crokes turnover won ,,,,,,,,,,,,,,
26mins 1st half Kilmacud Crokes goal from play 13  Posn: 62:4,,,,,,,,,,,,,,
27mins 1st half Round Towers Minor Footballers own puck/kick out won  Ryan Hickey  Posn: 65:17,,,,,,,,,,,,,,
28mins 1st half Kilmacud Crokes own puck/kick out won    Posn: 7:67,,,,,,,,,,,,,,
28mins 1st half Kilmacud Crokes short from play   Posn: 56:13,,,,,,,,,,,,,,
28mins 1st half Round Towers Minor Footballers free/pen conceded    Posn: 53:15,,,,,,,,,,,,,,
29mins 1st half Kilmacud Crokes point from free 15  Posn: 57:14,,,,,,,,,,,,,,
29mins 1st half Round Towers Minor Footballers own puck/kick out won  Pierce McDonald  Posn: 43:22,,,,,,,,,,,,,,
29mins 1st half Kilmacud Crokes free/pen conceded    Posn: 90:61,,,,,,,,,,,,,,
Half time score: Round Towers Minor Footballers 0-5(5)  Kilmacud Crokes 2-7(13),,,,,,,,,,,,,,
substitution Round Towers Minor Footballers--> off: Pierce McDonald  on: Ben Rose,,,,,,,,,,,,,,
2nd half start: 11:39   03-10-21 Round Towers Minor Footballers v. Kilmacud Crokes,,,,,,,,,,,,,,
00mins 2nd half Round Towers Minor Footballers turnover lost  Liam Redmond,,,,,,,,,,,,,,
00mins 2nd half Kilmacud Crokes point from play 11  Posn: 75:16,,,,,,,,,,,,,,
00mins 2nd half Round Towers Minor Footballers own puck/kick out won  Robert Moore  Posn: 53:36,,,,,,,,,,,,,,
00mins 2nd half Kilmacud Crokes free/pen conceded    Posn: 50:66,,,,,,,,,,,,,,
01mins 2nd half Round Towers Minor Footballers point from play Mark Maguire  Posn: 86:83,,,,,,,,,,,,,,
01mins 2nd half Kilmacud Crokes own puck/kick out won  4  Posn: 11:85,,,,,,,,,,,,,,
01mins 2nd half Round Towers Minor Footballers turnover won  Daragh McCabe,,,,,,,,,,,,,,
01mins 2nd half Kilmacud Crokes free/pen conceded  9  Posn: 78:61,,,,,,,,,,,,,,
02mins 2nd half Round Towers Minor Footballers point from play Robert Moore  Posn: 64:81,,,,,,,,,,,,,,
02mins 2nd half Kilmacud Crokes own puck/kick out lost    Posn: 71:52,,,,,,,,,,,,,,
02mins 2nd half Round Towers Minor Footballers own puck/kick out lost  Ciar?n Kirk,,,,,,,,,,,,,,
03mins 2nd half Round Towers Minor Footballers free/pen conceded  Ben Rose  Posn: 90:11,,,,,,,,,,,,,,
03mins 2nd half substitution Round Towers Minor Footballers--> off: Ciar?n Kirk  on: James Lindopp,,,,,,,,,,,,,,
03mins 2nd half Kilmacud Crokes point from free 15  Posn: 92:13,,,,,,,,,,,,,,
04mins 2nd half Round Towers Minor Footballers own puck/kick out lost  Luke Swayne  Posn: 13:28,,,,,,,,,,,,,,
04mins 2nd half Kilmacud Crokes point from play 5  Posn: 48:22,,,,,,,,,,,,,,
04mins 2nd half Round Towers Minor Footballers own puck/kick out won  Craig Reilly  Posn: 11:16,,,,,,,,,,,,,,
05mins 2nd half Kilmacud Crokes free/pen conceded    Posn: 81:69,,,,,,,,,,,,,,
06mins 2nd half Round Towers Minor Footballers point from free Craig Doherty  Posn: 75:71,,,,,,,,,,,,,,
06mins 2nd half Kilmacud Crokes own puck/kick out lost    Posn: 29:56,,,,,,,,,,,,,,
06mins 2nd half Round Towers Minor Footballers saved  Ben Casey  Posn: 41:86,,,,,,,,,,,,,,
06mins 2nd half Kilmacud Crokes turnover won  1,,,,,,,,,,,,,,
07mins 2nd half Round Towers Minor Footballers free/pen conceded    Posn: 75:12,,,,,,,,,,,,,,
07mins 2nd half Kilmacud Crokes point from free 15  Posn: 75:14,,,,,,,,,,,,,,
08mins 2nd half Round Towers Minor Footballers own puck/kick out won  Dylan Delaney  Posn: 54:24,,,,,,,,,,,,,,
08mins 2nd half Round Towers Minor Footballers turnover lost  Craig Reilly  Posn: 54:24,,,,,,,,,,,,,,
08mins 2nd half Kilmacud Crokes wide from play 8  Posn: 49:13,,,,,,,,,,,,,,
08mins 2nd half Round Towers Minor Footballers own puck/kick out lost    Posn: 49:42,,,,,,,,,,,,,,
08mins 2nd half Kilmacud Crokes point from play 8  Posn: 81:16,,,,,,,,,,,,,,
09mins 2nd half Round Towers Minor Footballers own puck/kick out won  Cathal Downey  Posn: 52:42,,,,,,,,,,,,,,
09mins 2nd half Round Towers Minor Footballers free/pen conceded  Cathal Downey  Posn: 52:46,,,,,,,,,,,,,,
09mins 2nd half Kilmacud Crokes free/pen conceded    Posn: 76:16,,,,,,,,,,,,,,
09mins 2nd half Round Towers Minor Footballers turnover lost  Daragh McCabe,,,,,,,,,,,,,,
09mins 2nd half Kilmacud Crokes wide from play   Posn: 74:20,,,,,,,,,,,,,,
10mins 2nd half Round Towers Minor Footballers own puck/kick out won  Craig Reilly  Posn: 34:23,,,,,,,,,,,,,,
10mins 2nd half Kilmacud Crokes turnover won  2,,,,,,,,,,,,,,
10mins 2nd half Round Towers Minor Footballers turnover won  Robert Moore,,,,,,,,,,,,,,
11mins 2nd half Round Towers Minor Footballers turnover lost  Robert Moore,,,,,,,,,,,,,,
11mins 2nd half Round Towers Minor Footballers turnover won  Cathal Downey,,,,,,,,,,,,,,
11mins 2nd half Round Towers Minor Footballers turnover lost  James Lindopp,,,,,,,,,,,,,,
11mins 2nd half Round Towers Minor Footballers turnover won  Ben Rose,,,,,,,,,,,,,,
11mins 2nd half Kilmacud Crokes free/pen conceded    Posn: 76:19,,,,,,,,,,,,,,
12mins 2nd half Round Towers Minor Footballers turnover lost  Robert Moore,,,,,,,,,,,,,,
12mins 2nd half Kilmacud Crokes wide from play   Posn: 75:16,,,,,,,,,,,,,,
13mins 2nd half Round Towers Minor Footballers own puck/kick out won  Craig Reilly  Posn: 42:43,,,,,,,,,,,,,,
13mins 2nd half Round Towers Minor Footballers turnover lost  Craig Reilly,,,,,,,,,,,,,,
13mins 2nd half Kilmacud Crokes wide from play 10  Posn: 36:35,,,,,,,,,,,,,,
13mins 2nd half Round Towers Minor Footballers own puck/kick out lost    Posn: 15:24,,,,,,,,,,,,,,
14mins 2nd half Kilmacud Crokes saved from play   Posn: 47:8,,,,,,,,,,,,,,
14mins 2nd half Round Towers Minor Footballers turnover won  Daragh McCabe,,,,,,,,,,,,,,
14mins 2nd half Kilmacud Crokes free/pen conceded    Posn: 56:9,,,,,,,,,,,,,,
14mins 2nd half Round Towers Minor Footballers turnover lost  Ryan Hickey,,,,,,,,,,,,,,
14mins 2nd half Kilmacud Crokes wide from play 10  Posn: 38:12,,,,,,,,,,,,,,
14mins 2nd half substitution Round Towers Minor Footballers--> off: Dylan Delaney  on: Setanta Higgins,,,,,,,,,,,,,,
14mins 2nd half substitution Round Towers Minor Footballers--> off: James Lindopp  on: Ciar?n Kirk,,,,,,,,,,,,,,
15mins 2nd half Round Towers Minor Footballers own puck/kick out lost    Posn: 47:44,,,,,,,,,,,,,,
15mins 2nd half Round Towers Minor Footballers free/pen conceded  Craig Doherty  Posn: 65:33,,,,,,,,,,,,,,
15mins 2nd half Round Towers Minor Footballers  black card Craig Doherty,,,,,,,,,,,,,,
16mins 2nd half Kilmacud Crokes point from free   Posn: 69:31,,,,,,,,,,,,,,
16mins 2nd half Round Towers Minor Footballers own puck/kick out won ,,,,,,,,,,,,,,
16mins 2nd half Round Towers Minor Footballers turnover lost ,,,,,,,,,,,,,,
16mins 2nd half Kilmacud Crokes short  15  Posn: 39:28,,,,,,,,,,,,,,
16mins 2nd half Round Towers Minor Footballers turnover won  Aaron Leahy,,,,,,,,,,,,,,
18mins 2nd half Kilmacud Crokes wide from play   Posn: 80:17,,,,,,,,,,,,,,
18mins 2nd half Round Towers Minor Footballers free/pen conceded    Posn: 82:16,,,,,,,,,,,,,,
18mins 2nd half Kilmacud Crokes wide from free 15  Posn: 78:17,,,,,,,,,,,,,,
18mins 2nd half Round Towers Minor Footballers own puck/kick out won  Ryan Hickey  Posn: 59:23,,,,,,,,,,,,,,
19mins 2nd half Round Towers Minor Footballers turnover lost  Craig Reilly,,,,,,,,,,,,,,
19mins 2nd half Round Towers Minor Footballers turnover won  Setanta Higgins,,,,,,,,,,,,,,
19mins 2nd half Kilmacud Crokes free/pen conceded    Posn: 25:36,,,,,,,,,,,,,,
19mins 2nd half Round Towers Minor Footballers turnover lost  Craig Reilly,,,,,,,,,,,,,,
20mins 2nd half Kilmacud Crokes point from play   Posn: 77:18,,,,,,,,,,,,,,
20mins 2nd half Round Towers Minor Footballers own puck/kick out won  Ryan Hickey  Posn: 63:23,,,,,,,,,,,,,,
20mins 2nd half Kilmacud Crokes free/pen conceded    Posn: 86:30,,,,,,,,,,,,,,
21mins 2nd half Round Towers Minor Footballers short  Liam Redmond  Posn: 47:89,,,,,,,,,,,,,,
21mins 2nd half Round Towers Minor Footballers turnover lost  Liam Redmond,,,,,,,,,,,,,,
21mins 2nd half Kilmacud Crokes wide from play 11  Posn: 43:21,,,,,,,,,,,,,,
22mins 2nd half Round Towers Minor Footballers own puck/kick out lost    Posn: 36:25,,,,,,,,,,,,,,
22mins 2nd half Kilmacud Crokes wide from play 15  Posn: 55:9,,,,,,,,,,,,,,
22mins 2nd half Round Towers Minor Footballers own puck/kick out won  Ryan Hickey  Posn: 51:24,,,,,,,,,,,,,,
22mins 2nd half Kilmacud Crokes free/pen conceded    Posn: 17:51,,,,,,,,,,,,,,
22mins 2nd half Kilmacud Crokes turnover won ,,,,,,,,,,,,,,
23mins 2nd half Kilmacud Crokes point from play 15  Posn: 85:26,,,,,,,,,,,,,,
23mins 2nd half Round Towers Minor Footballers own puck/kick out lost  Cathal Downey  Posn: 77:21,,,,,,,,,,,,,,
24mins 2nd half Round Towers Minor Footballers own puck/kick out won  Ryan Hickey  Posn: 53:23,,,,,,,,,,,,,,
24mins 2nd half Kilmacud Crokes free/pen conceded  4  Posn: 40:33,,,,,,,,,,,,,,
24mins 2nd half Kilmacud Crokes turnover won  4,,,,,,,,,,,,,,
25mins 2nd half Kilmacud Crokes point from play 7  Posn: 61:13,,,,,,,,,,,,,,
25mins 2nd half Round Towers Minor Footballers own puck/kick out lost    Posn: 63:31,,,,,,,,,,,,,,
25mins 2nd half Kilmacud Crokes saved from play   Posn: 42:9,,,,,,,,,,,,,,
25mins 2nd half Kilmacud Crokes wide    Posn: 37:3,,,,,,,,,,,,,,
25mins 2nd half Round Towers Minor Footballers own puck/kick out won  Ryan Hickey  Posn: 38:23,,,,,,,,,,,,,,
26mins 2nd half Kilmacud Crokes free/pen conceded  2  Posn: 6:71,,,,,,,,,,,,,,
26mins 2nd half Round Towers Minor Footballers saved from play Ciar?n Kirk  Posn: 51:89,,,,,,,,,,,,,,
26mins 2nd half Kilmacud Crokes free/pen conceded    Posn: 53:88,,,,,,,,,,,,,,
26mins 2nd half Round Towers Minor Footballers point from free Craig Doherty  Posn: 50:86,,,,,,,,,,,,,,
27mins 2nd half Kilmacud Crokes own puck/kick out won    Posn: 73:55,,,,,,,,,,,,,,
27mins 2nd half Round Towers Minor Footballers own puck/kick out won  Ryan Hickey  Posn: 39:24,,,,,,,,,,,,,,
28mins 2nd half Kilmacud Crokes saved from play 5  Posn: 54:9,,,,,,,,,,,,,,
28mins 2nd half Kilmacud Crokes saved    Posn: 48:7,,,,,,,,,,,,,,
28mins 2nd half Round Towers Minor Footballers turnover won  Aaron Leahy,,,,,,,,,,,,,,
29mins 2nd half substitution Round Towers Minor Footballers--> off: Robert Moore  on: James Lindopp,,,,,,,,,,,,,,
29mins 2nd half Round Towers Minor Footballers point from play James Lindopp  Posn: 70:6,,,,,,,,,,,,,,
29mins 2nd half Kilmacud Crokes own puck/kick out lost    Posn: 82:58,,,,,,,,,,,,,,
29mins 2nd half Round Towers Minor Footballers turnover lost  Cathal Downey,,,,,,,,,,,,,,
29mins 2nd half Round Towers Minor Footballers turnover won  Setanta Higgins,,,,,,,,,,,,,,
Full time score: Round Towers Minor Footballers 0-10(10)  Kilmacud Crokes 2-16(22),,,,,,,,,,,,,,
00mins 1st half Round Tower Minors free/pen conceded    Posn: 83:14,,,,,,,,,,,,,,
00mins 1st half St Peters wide from free   Posn: 82:14,,,,,,,,,,,,,,
00mins 1st half St Peters turnover won ,,,,,,,,,,,,,,
01mins 1st half Round Tower Minors own puck/kick out won  Craig Reilly  Posn: 92:10,,,,,,,,,,,,,,
01mins 1st half St Peters turnover won ,,,,,,,,,,,,,,
01mins 1st half St Peters wide from play   Posn: 73:12,,,,,,,,,,,,,,
02mins 1st half Round Tower Minors own puck/kick out won  Daragh McCabe  Posn: 22:13,,,,,,,,,,,,,,
03mins 1st half Round Tower Minors point from play Mark Maguire  Posn: 33:87,,,,,,,,,,,,,,
03mins 1st half St Peters own puck/kick out lost    Posn: 91:86,,,,,,,,,,,,,,
03mins 1st half St Peters free/pen conceded    Posn: 90:87,,,,,,,,,,,,,,
04mins 1st half St Peters turnover won    Posn: 97:86,,,,,,,,,,,,,,
04mins 1st half Round Tower Minors turnover won ,,,,,,,,,,,,,,
04mins 1st half St Peters turnover won ,,,,,,,,,,,,,,
05mins 1st half St Peters point from play 10  Posn: 81:12,,,,,,,,,,,,,,
05mins 1st half Round Tower Minors own puck/kick out won  Ryan Hickey  Posn: 52:12,,,,,,,,,,,,,,
06mins 1st half Round Tower Minors out for 45/65  Liam Redmond  Posn: 23:90,,,,,,,,,,,,,,
06mins 1st half St Peters turnover won    Posn: 41:94,,,,,,,,,,,,,,
07mins 1st half Round Tower Minors turnover won ,,,,,,,,,,,,,,
08mins 1st half St Peters own puck/kick out won  12  Posn: 7:69,,,,,,,,,,,,,,
08mins 1st half St Peters point from play 3  Posn: 23:16,,,,,,,,,,,,,,
08mins 1st half Round Tower Minors own puck/kick out won  Pierce McDonald  Posn: 15:9,,,,,,,,,,,,,,
08mins 1st half St Peters turnover won    Posn: 52:50,,,,,,,,,,,,,,
09mins 1st half St Peters wide from play   Posn: 75:9,,,,,,,,,,,,,,
09mins 1st half Round Tower Minors own puck/kick out won  Cathal Downey  Posn: 50:14,,,,,,,,,,,,,,
09mins 1st half St Peters free/pen conceded    Posn: 36:30,,,,,,,,,,,,,,
10mins 1st half St Peters turnover won  9  Posn: 81:89,,,,,,,,,,,,,,
10mins 1st half Round Tower Minors turnover won    Posn: 85:89,,,,,,,,,,,,,,
10mins 1st half St Peters turnover won    Posn: 86:90,,,,,,,,,,,,,,
10mins 1st half Round Tower Minors turnover won    Posn: 97:51,,,,,,,,,,,,,,
11mins 1st half St Peters turnover won  5  Posn: 69:79,,,,,,,,,,,,,,
11mins 1st half St Peters point from play   Posn: 70:16,,,,,,,,,,,,,,
12mins 1st half Round Tower Minors own puck/kick out won  Cathal Downey  Posn: 21:30,,,,,,,,,,,,,,
12mins 1st half St Peters turnover won    Posn: 23:35,,,,,,,,,,,,,,
12mins 1st half Round Tower Minors turnover won  Cathal Downey  Posn: 10:31,,,,,,,,,,,,,,
12mins 1st half St Peters turnover won    Posn: 2:72,,,,,,,,,,,,,,
13mins 1st half St Peters wide from play 10  Posn: 81:19,,,,,,,,,,,,,,
13mins 1st half Round Tower Minors own puck/kick out won    Posn: 79:18,,,,,,,,,,,,,,
14mins 1st half St Peters free/pen conceded    Posn: 7:78,,,,,,,,,,,,,,
14mins 1st half Round Tower Minors wide from free Ciar?n Kirk  Posn: 10:85,,,,,,,,,,,,,,
14mins 1st half St Peters own puck/kick out won  5  Posn: 65:73,,,,,,,,,,,,,,
15mins 1st half St Peters point from play 15  Posn: 67:21,,,,,,,,,,,,,,
17mins 1st half Round Tower Minors own puck/kick out won  Ryan Hickey  Posn: 44:15,,,,,,,,,,,,,,
17mins 1st half St Peters turnover won  3  Posn: 24:89,,,,,,,,,,,,,,
18mins 1st half Round Tower Minors turnover won  Ryan Hickey  Posn: 92:32,,,,,,,,,,,,,,
18mins 1st half St Peters turnover won    Posn: 97:33,,,,,,,,,,,,,,
18mins 1st half St Peters free/pen conceded    Posn: 93:18,,,,,,,,,,,,,,
18mins 1st half St Peters turnover won  12  Posn: 48:31,,,,,,,,,,,,,,
18mins 1st half St Peters short from play   Posn: 47:15,,,,,,,,,,,,,,
18mins 1st half Round Tower Minors turnover won  Harry Warfield  Posn: 48:2,,,,,,,,,,,,,,
19mins 1st half St Peters wide from play 10  Posn: 40:17,,,,,,,,,,,,,,
19mins 1st half Round Tower Minors own puck/kick out lost  Pierce McDonald  Posn: 11:18,,,,,,,,,,,,,,
20mins 1st half St Peters turnover won    Posn: 2:16,,,,,,,,,,,,,,
20mins 1st half St Peters goal from play 12  Posn: 45:7,,,,,,,,,,,,,,
20mins 1st half Round Tower Minors own puck/kick out won  Craig Moore  Posn: 13:45,,,,,,,,,,,,,,
21mins 1st half St Peters free/pen conceded    Posn: 75:65,,,,,,,,,,,,,,
21mins 1st half Round Tower Minors wide from free Harry Leech  Posn: 70:67,,,,,,,,,,,,,,
21mins 1st half St Peters own puck/kick out lost    Posn: 73:77,,,,,,,,,,,,,,
21mins 1st half Round Tower Minors point from play Mark Maguire  Posn: 70:80,,,,,,,,,,,,,,
22mins 1st half St Peters own puck/kick out won  9  Posn: 17:62,,,,,,,,,,,,,,
22mins 1st half St Peters wide from play 9  Posn: 49:23,,,,,,,,,,,,,,
23mins 1st half Round Tower Minors own puck/kick out lost    Posn: 85:30,,,,,,,,,,,,,,
23mins 1st half St Peters saved out for 45/65 from play   Posn: 67:8,,,,,,,,,,,,,,
24mins 1st half St Peters point from 45/65 15  Posn: 41:45,,,,,,,,,,,,,,
24mins 1st half Round Tower Minors own puck/kick out won  Ryan Hickey  Posn: 49:20,,,,,,,,,,,,,,
25mins 1st half St Peters turnover won    Posn: 67:78,,,,,,,,,,,,,,
25mins 1st half Round Tower Minors turnover won    Posn: 65:78,,,,,,,,,,,,,,
25mins 1st half Round Tower Minors point from play Rory Broderick  Posn: 51:81,,,,,,,,,,,,,,
26mins 1st half St Peters own puck/kick out won    Posn: 90:76,,,,,,,,,,,,,,
26mins 1st half St Peters point from play 9  Posn: 43:19,,,,,,,,,,,,,,
27mins 1st half Round Tower Minors own puck/kick out won  Craig Reilly  Posn: 55:17,,,,,,,,,,,,,,
27mins 1st half St Peters turnover won  12  Posn: 38:82,,,,,,,,,,,,,,
28mins 1st half Round Tower Minors turnover won  Pierce McDonald  Posn: 48:20,,,,,,,,,,,,,,
28mins 1st half Round Tower Minors wide from play Harry Kelly  Posn: 31:91,,,,,,,,,,,,,,
28mins 1st half St Peters own puck/kick out won    Posn: 62:72,,,,,,,,,,,,,,
29mins 1st half St Peters point from play   Posn: 66:13,,,,,,,,,,,,,,
29mins 1st half Round Tower Minors own puck/kick out won  Craig Reilly  Posn: 50:17,,,,,,,,,,,,,,
30mins 1st half St Peters turnover won  4  Posn: 13:72,,,,,,,,,,,,,,
30mins 1st half Round Tower Minors turnover won  Ryan Hickey  Posn: 2:59,,,,,,,,,,,,,,
30mins 1st half St Peters free/pen conceded  12  Posn: 20:74,,,,,,,,,,,,,,
31mins 1st half St Peters turnover won    Posn: 63:96,,,,,,,,,,,,,,
31mins 1st half Round Tower Minors free/pen conceded  Mark Maguire  Posn: 22:92,,,,,,,,,,,,,,
31mins 1st half Round Tower Minors turnover won  Daragh McCabe  Posn: 10:50,,,,,,,,,,,,,,
32mins 1st half St Peters free/pen conceded    Posn: 23:94,,,,,,,,,,,,,,
32mins 1st half Round Tower Minors point from free Ciar?n Kirk  Posn: 26:91,,,,,,,,,,,,,,
33mins 1st half St Peters own puck/kick out lost    Posn: 70:59,,,,,,,,,,,,,,
Half time score: Round Tower Minors 0-4(4)  St Peters 1-7(10),,,,,,,,,,,,,,
2nd half start: 11:41   19-09-21 Round Tower Minors v. St Peters,,,,,,,,,,,,,,
00mins 2nd half Round Tower Minors turnover won  Craig Moore  Posn: 57:50,,,,,,,,,,,,,,
00mins 2nd half St Peters turnover won    Posn: 97:38,,,,,,,,,,,,,,
00mins 2nd half Round Tower Minors turnover won    Posn: 97:68,,,,,,,,,,,,,,
00mins 2nd half St Peters turnover won    Posn: 91:24,,,,,,,,,,,,,,
01mins 2nd half Round Tower Minors free/pen conceded    Posn: 86:13,,,,,,,,,,,,,,
02mins 2nd half St Peters point from free 10  Posn: 86:9,,,,,,,,,,,,,,
02mins 2nd half Round Tower Minors own puck/kick out won  Craig Reilly  Posn: 50:16,,,,,,,,,,,,,,
02mins 2nd half Round Tower Minors free/pen conceded  Craig Reilly  Posn: 50:17,,,,,,,,,,,,,,
03mins 2nd half St Peters turnover won  9  Posn: 50:17,,,,,,,,,,,,,,
03mins 2nd half St Peters free/pen conceded  9  Posn: 60:15,,,,,,,,,,,,,,
03mins 2nd half Round Tower Minors free/pen conceded    Posn: 90:45,,,,,,,,,,,,,,
04mins 2nd half Round Tower Minors free/pen conceded  Pierce McDonald  Posn: 73:11,,,,,,,,,,,,,,
04mins 2nd half Round Tower Minors  yellow card Pierce McDonald,,,,,,,,,,,,,,
04mins 2nd half St Peters point from free 10  Posn: 71:12,,,,,,,,,,,,,,
05mins 2nd half Round Tower Minors own puck/kick out won  Ryan Hickey  Posn: 87:15,,,,,,,,,,,,,,
05mins 2nd half St Peters turnover won  13  Posn: 66:78,,,,,,,,,,,,,,
05mins 2nd half Round Tower Minors turnover won  Harry Kelly  Posn: 36:40,,,,,,,,,,,,,,
06mins 2nd half St Peters free/pen conceded    Posn: 37:41,,,,,,,,,,,,,,
06mins 2nd half Round Tower Minors point from play Harry Leech  Posn: 26:79,,,,,,,,,,,,,,
06mins 2nd half St Peters own puck/kick out won  13  Posn: 29:82,,,,,,,,,,,,,,
06mins 2nd half Round Tower Minors turnover won  Cathal Downey,,,,,,,,,,,,,,
06mins 2nd half St Peters turnover won ,,,,,,,,,,,,,,
07mins 2nd half St Peters point from play 11  Posn: 43:21,,,,,,,,,,,,,,
07mins 2nd half Round Tower Minors own puck/kick out won  Liam Redmond  Posn: 81:45,,,,,,,,,,,,,,
09mins 2nd half St Peters free/pen conceded    Posn: 53:76,,,,,,,,,,,,,,
09mins 2nd half Round Tower Minors wide from play Liam Redmond  Posn: 47:90,,,,,,,,,,,,,,
09mins 2nd half St Peters own puck/kick out lost    Posn: 13:78,,,,,,,,,,,,,,
09mins 2nd half St Peters free/pen conceded    Posn: 14:80,,,,,,,,,,,,,,
09mins 2nd half Round Tower Minors wide from play   Posn: 62:83,,,,,,,,,,,,,,
10mins 2nd half St Peters own puck/kick out won    Posn: 48:59,,,,,,,,,,,,,,
10mins 2nd half St Peters turnover won  5  Posn: 60:68,,,,,,,,,,,,,,
10mins 2nd half St Peters goal from play 8  Posn: 48:8,,,,,,,,,,,,,,
11mins 2nd half Round Tower Minors own puck/kick out won  Liam Redmond  Posn: 80:39,,,,,,,,,,,,,,
11mins 2nd half St Peters free/pen conceded    Posn: 81:42,,,,,,,,,,,,,,
11mins 2nd half St Peters  yellow card 5,,,,,,,,,,,,,,
11mins 2nd half St Peters turnover won  2  Posn: 81:58,,,,,,,,,,,,,,
12mins 2nd half St Peters goal from play 10  Posn: 54:6,,,,,,,,,,,,,,
12mins 2nd half Round Tower Minors own puck/kick out lost    Posn: 73:45,,,,,,,,,,,,,,
13mins 2nd half Round Tower Minors turnover won  Daragh McCabe  Posn: 75:6,,,,,,,,,,,,,,
13mins 2nd half St Peters turnover won  2  Posn: 18:42,,,,,,,,,,,,,,
13mins 2nd half Round Tower Minors free/pen conceded    Posn: 19:37,,,,,,,,,,,,,,
13mins 2nd half St Peters off posts ,,,,,,,,,,,,,,
13mins 2nd half St Peters point from play,,,,,,,,,,,,,,
14mins 2nd half Round Tower Minors own puck/kick out won  Craig Moore  Posn: 84:16,,,,,,,,,,,,,,
14mins 2nd half St Peters turnover won    Posn: 2:70,,,,,,,,,,,,,,
15mins 2nd half St Peters point from play   Posn: 21:18,,,,,,,,,,,,,,
15mins 2nd half Round Tower Minors own puck/kick out won    Posn: 12:18,,,,,,,,,,,,,,
16mins 2nd half St Peters free/pen conceded    Posn: 17:40,,,,,,,,,,,,,,
16mins 2nd half St Peters turnover won  8  Posn: 14:65,,,,,,,,,,,,,,
16mins 2nd half Round Tower Minors turnover won  Craig Moore  Posn: 49:12,,,,,,,,,,,,,,
16mins 2nd half St Peters free/pen conceded    Posn: 52:11,,,,,,,,,,,,,,
17mins 2nd half St Peters turnover won    Posn: 3:71,,,,,,,,,,,,,,
17mins 2nd half St Peters wide from play 8  Posn: 57:26,,,,,,,,,,,,,,
18mins 2nd half Round Tower Minors own puck/kick out won  Ryan Hickey  Posn: 82:14,,,,,,,,,,,,,,
18mins 2nd half Round Tower Minors wide from play Robert Moore  Posn: 63:77,,,,,,,,,,,,,,
18mins 2nd half St Peters own puck/kick out won    Posn: 13:82,,,,,,,,,,,,,,
18mins 2nd half Round Tower Minors turnover won  Cathal Downey  Posn: 21:17,,,,,,,,,,,,,,
19mins 2nd half St Peters turnover won  4  Posn: 8:61,,,,,,,,,,,,,,
19mins 2nd half Round Tower Minors turnover won  Dylan Delaney  Posn: 2:15,,,,,,,,,,,,,,
19mins 2nd half St Peters turnover won    Posn: 2:42,,,,,,,,,,,,,,
20mins 2nd half St Peters point from play 6  Posn: 44:21,,,,,,,,,,,,,,
20mins 2nd half Round Tower Minors own puck/kick out won  Ryan Hickey  Posn: 50:15,,,,,,,,,,,,,,
20mins 2nd half St Peters free/pen conceded    Posn: 14:30,,,,,,,,,,,,,,
20mins 2nd half St Peters free/pen conceded    Posn: 85:64,,,,,,,,,,,,,,
20mins 2nd half Round Tower Minors turnover won    Posn: 97:60,,,,,,,,,,,,,,
20mins 2nd half St Peters turnover won    Posn: 75:53,,,,,,,,,,,,,,
21mins 2nd half Round Tower Minors turnover won  Ryan Hickey  Posn: 60:15,,,,,,,,,,,,,,
21mins 2nd half St Peters turnover won  7  Posn: 60:84,,,,,,,,,,,,,,
22mins 2nd half Round Tower Minors turnover won  Cathal Downey  Posn: 16:17,,,,,,,,,,,,,,
22mins 2nd half St Peters turnover won    Posn: 2:60,,,,,,,,,,,,,,
23mins 2nd half Round Tower Minors free/pen conceded    Posn: 7:24,,,,,,,,,,,,,,
23mins 2nd half Round Tower Minors free/pen conceded    Posn: 35:12,,,,,,,,,,,,,,
24mins 2nd half St Peters point from free 11  Posn: 39:12,,,,,,,,,,,,,,
24mins 2nd half Round Tower Minors own puck/kick out won  Craig Reilly  Posn: 93:12,,,,,,,,,,,,,,
24mins 2nd half St Peters turnover won  8  Posn: 28:60,,,,,,,,,,,,,,
25mins 2nd half Round Tower Minors own puck/kick out lost  Luke Swayne  Posn: 21:51,,,,,,,,,,,,,,
26mins 2nd half Round Tower Minors turnover won  Daragh McCabe  Posn: 58:24,,,,,,,,,,,,,,
26mins 2nd half St Peters free/pen conceded    Posn: 64:21,,,,,,,,,,,,,,
27mins 2nd half St Peters turnover won    Posn: 27:30,,,,,,,,,,,,,,
27mins 2nd half Round Tower Minors turnover won  Craig Moore  Posn: 52:45,,,,,,,,,,,,,,
27mins 2nd half St Peters turnover won ,,,,,,,,,,,,,,
27mins 2nd half St Peters wide    Posn: 34:8,,,,,,,,,,,,,,
28mins 2nd half Round Tower Minors own puck/kick out won  Ryan Hickey  Posn: 62:19,,,,,,,,,,,,,,
28mins 2nd half St Peters turnover won  12  Posn: 8:62,,,,,,,,,,,,,,
28mins 2nd half Round Tower Minors turnover won    Posn: 6:27,,,,,,,,,,,,,,
29mins 2nd half St Peters turnover won    Posn: 74:84,,,,,,,,,,,,,,
29mins 2nd half St Peters wide from play 11  Posn: 42:21,,,,,,,,,,,,,,
30mins 2nd half Round Tower Minors own puck/kick out won    Posn: 23:17,,,,,,,,,,,,,,
30mins 2nd half St Peters turnover won    Posn: 4:77,,,,,,,,,,,,,,
30mins 2nd half St Peters wide from play   Posn: 39:18,,,,,,,,,,,,,,
Full time score: Round Tower Minors 0-5(5)  St Peters 3-14(23),,,,,,,,,,,,,,
